,tweet_text,cyberbullying_type,word_count
29205,"is feminazi an actual word with a denot‚Ä¶
@Nasharchy my job means protecting people. even the people i don't agree with/like.
They barely cooked anything on that entr√©e #MKR
RT @kf: Like, no. If a community fostering jerks prevents users from adopting that community's code, it is very much a technical problem.
It's almost time. :)
@JamesGweenwood shock youre bullying me again.
@LionLionEatEat yeah, someone DMed me a screenshot. meh. let her. i have no idea who she even is.
For more egregious cases for harassment, we definitely need to be able to respond to those appropriately. But most toxicity isn't this.
So, this happened. http://t.co/ZPTRtsYFiV
@Nibelsnarfabarf @srhbutts @GRIMACHU it is really funny all the assumptions they make about how it works - and how much they are wrong.
The lack of self-awareness from @wadhwa right now is staggering and hilarious. #stopwadhwa2015
Hahahaha http://t.co/JRPkJCNVH9
This is going to be a better finale than how I met your mother, one way or another.
Trump and his evil cabal of criminals will be caught and his lying ass will be impeached and it won't b a moment too soon.
@saintneko i love rock band. :P
I dedicate this thread to @SwiftOnSecurity
RT @srhbutts: women at GDC share heartbreaking stories. this is how #gamergate chooses to respond. http://t.co/Q7aBw89VqN
@slainv_fr I try. I still make mistakes. It's hard.
If you think our president needs congressional approval to do what he did... You are an idiot √∞¬ü¬ò¬Ñ
RT @EmpressSudol: @freebsdgirl That's just it though.... it's not even a book, it's the rejected first draft of To Kill A Mockingbird befor‚Ä¶
Ain't gonna lie, think I might try pomegranate in a cous cous salad.. Sounds yum  #MKR
&gt;'feminazi'
@Brittany_Blade @Feminazi_Front well they aren't.  ISIS claims to be Muslim, but they're beliefs are nothing like it.  So I don't (1/2)
@HARPcast @Zajice I don't fucking ever know when anything is going on!
Large spiders.
@conlan_webster it's pretty rad having a non-standard name. although there's getting to be more randi harpers in the world. poor things.
people who take advantage of generosity are the worst never again will I offer up my cheetohs you greedy bastards
I hate a person that assumes shyt like come fucking ask me to clarify I ain't gone lie to you dumbass √∞¬ü¬ñ¬ï√∞¬ü¬è¬æ
RT @missclarolyn: You didn't give me a deconstructed lemon tart, but have a 7 anyway, for the item that wasn't on the menu #MKR
So the selena hate accounts think nolan is cyber bullying??? ya tht makes a lot of sense. NOT!!
Titanfall 2 - SALTBALL. GRAPPLE. RONIN. | Music by Iniquity https://t.co/XbLxu9nQjx via @YouTube shits sick dude! @iNiQu1TY
@Charlottesph even though that girl was being a bully, zachs mom was kind of rude to you. she should know better than to say that.
@KatelinReed is a big ole mean bully of a sister Óêë
@DiceTechJobs @Itshella_dom @Maira_Benjamin @jenrpetersen that isn't me.
RT @SQUlDZ: This bitch wanna be a penguin so bad https://t.co/pK6YnmXcBS
I was getting really into reading these blue apron recipes until I realized they don't use the Oxford comma. https://t.co/vnBWqNVinD
@sayyMiaa Lmao naw.. Nobody likes me, but thank you! You're nice too, when you're not trying to bully ppl
@mcmahoniel there's a lot of sarcasm and doublespeak in this group, especially. appropriation of terms. text filters just don't work.
RT @atonal440: @freebsdgirl this comment on this article reminded me of you. Do you stilget DOS mansplainers? http://t.co/phZ5ePVnCx http:/‚Ä¶
Nintendo 3DS http://t.co/HbxvCUvVNk
@mcmahoniel unfortunately, no. text filters are too high-risk.
@Cath_Mayoevans @julesrisk63 u virtual bully making her hit me lol
@tthacker15 @Frazer_Cobb will you two stop bullying me. Thankyou.
.@Wavinator @CHOBITCOIN I love HTs like this...I just spin the gallery on my tablet like the Price Is Right wheel and use whatever comes up.
@Matt_Cooke86 Nutrition is key to closing the .#Aboriginal life expectancy gap http://t.co/IHtNiRJMa9 @croakeyblog http://t.co/ktnqAD0TM3
Check out my guest post on @Zusterschap blog http://t.co/WKgrwsBO0v My response to the #BlameOneNotAll thread!
@darxtorm sigh
Finally a meal without dracko piping up üôâ #MKR
@PlumsOfDoom he was just unfairly antagonized by that bully Barton that I wanted on our team! Bastad that one! Lol
https://t.co/Lku6rHKV8F
RT @a_man_in_black: @freebsdgirl You might want to take this to whoever your person at Twitter is. https://t.co/QsUdICRIEP
How should I even classify this? Wielding a mob? Indirect bullying? I'm not sure.
Why did Kelly attack Brie? First she attacks from behind, now she attacks unprovoked! She's a bigger bully than the Divas of Destruction!
@leyna76 In this case, evidently, yes.
@stibbons then use that. :P
RT @SlavenOUT: BILIC I FUCKING HATE YOU, WATCH US LOSE TO SWANSEA AND RELEGATION WILL BE IMMINENT
@m_d3mps3y Debts because you're so fucking in the hole because all you and your pathetic ass boyfriend"" do are put√¢¬Ä¬¶ https://t.co/9gDwpQGcUI",other_cyberbullying,790
24516,"@NICKIMINAJ: #WutKinda
At this rate the MKR final will be in December #MKR
@Ethelmonster @SadSuspenders haha, how true.
@bellathorne143 u never noticed me or my tweets against i being bullied
@RedConversation the only thing that really bugs me is when people misquote. which has happened once, i think.
@ProWLegacy @TennesseeHoney_ can you count its 1-3 idiot√∞¬ü¬í¬Ø
Yo, windows people. Is there any free app (other than puppet) that will allow me to define apps to install on new PCs?
@KylePhilip leave the legend that is @themichaelowen alone #bully
@jeremiahfelt Twitter, email, Evernote, web. Hearthstone.
@br yes. yes please. take my money.
@Monte_Lin twitter's UI bugs out all the time. it wasn't a surprising bug. I'd be willing to bet it's not replicatable.
@solri huh. i didn't realize that. why is it considered heroic though?
@FunkyreFresh @SuperSpacedad as a target of her delusions, yeah, i'm going to say these things about how she behaves towards me.
@QueenOf_Pluto Yea U right lemme stop being a bully lol...
#FF THIS PERSON WAS BULLIED BY JESSICA AND THOSE WHO DON'T LIKE OR TALK TO JESSICA SHOULD FOLLOW THIS TWITTER OK. - @jessicahate
If you send a follow request and I know you, I'll likely approve it. If I don't know you... meh. maybe.
wish someone would give me 20% bloody hell https://t.co/IyzCzGZ8Md
RT @shanley: If ANYONE is defending you at this point, the same techniques are applied to supporters to make sure that stops.
I got some insight into the indie gaming community tonight. Just a peek. It was enlightening.
RT @ImmortalDixon: HOLY FUCK DID THEY JIST THROW MICHONNE!?!?
@kantrn Hm. There's another person I usually chat with. Not Ranjib - ughhhh.
@Aiiane @aquarianfool ie: feeling like we aren't all alone &amp; fighting this with no power. seeing law enforcement &amp; social providers respond
so regal. so elegant. http://t.co/PBlfmztdJj
@Kristinaa_Egger Kat just got what she deserved #whack #mkr
@FatNoobTM u fucking won!!!!!! https://t.co/2K5uxfTAqC
@anildash omg anil i am dying you have slain me
@EricaHuurnandez Makinn fun of me the other day for not having my license. That's called karma you bully!!!!! &lt;3 :*
RT @cage_rusty: #BlameOneNotAll but don't walk home alone, don't get drunk, don't take naked pictures of yourself bc you're asking for trou‚Ä¶
I'm seeing a lot more stories regarding gamers acting horribly when a dev does something they don't like.
We should have some more info posted about OAPI soon. Lots of questions about if we are hiring. Glad to see people so excited!
I have eaten army food from tins that looked better than that. And less like a dick. #mkr
I feel bad that Greyson got bullied in school to.. but good thing is.. he didn't get bullied that much :) ‚ô•
I have no idea how this works but it sounds like wizardry.
@T__Lourdes aww hugss loool u was bullying me not long ago
Kevin hart was stupid as hell  in think like a man 1
@Allehegens Romney or Jeb would be huge mistakes.
@cheeseplus @obfuscurity wsp is... sigh. but i'm just using docker in aws with a grafana image. fuck configuring this crap.
@mastersparkle @genehack ah. yeah. i stuck to fidi. different kind of area.
i hate video games
@2bithacker when are you back out here? We should hang.
RT @XixoHS: If this gets 5k Retweets, I will play Exodia Mage which some idiots won games on rank 15 with in TOC Vienna. 2 Days till deck s√¢¬Ä¬¶
@Whafe I've had a gutsful of you and others like you. I am tolerant, but I wont tolerate bullying or haranguing.
Oh, darling MRAs. You making jabs at my appearance won't keep me from working to provide tools so others can shut you down. &lt;3
#atlas picking His toy for the night! #game on! #coon #cat #5monthsold #mainecoone #mainecoon_id #cute‚Ä¶ http://t.co/9xkRhRAHTs
‚Äú@benpobjie: ‚ÄúAnd so we‚Äôll have whittled 18 down to 14 in just a few short months‚Äù #MKR‚Äù Knife fight in the car park would've been better!
@JaysonElliot oh! that's walking distance from my apartment. hm. i might head over.
http://t.co/3nr1XjZaW6
@ddlovato YOOOOO THIS SONG IS FUCKING LIT!!!!!! REPEATTTTTT https://t.co/LRFbQuTaiC
@DavidFeild @ThelmaSleaze @the_author_ and why was the statement white women only""",other_cyberbullying,692
30752,"I don't retreat.
yessssssss http://t.co/Td90k9Ik2r
Uh. Why do they not make these for grownups? http://t.co/rHDOkljnDI
Boruto looks lit and he's a badass I like that filthy cunt
Awkward. But it's a good case study on how FYGM is common in 20's, but not insurmountable. People can learn. http://t.co/SUrQwclIoU
@JusLick_Kay Quit Bullying Them
@pinefoxi well, i bought a case of it, sooo.... :P
@Fino76 @SiobhanRooney stop being a bully, fino!
@nscottg branch management and tying commits into a specific ticket == amaze.
Now that person has been doxxed on 8chan. And despite this being the person who posted my &amp; others' home address, suddenly he sees a problem
trust me, lady troll is a fuckin trick. https://t.co/KaTUmo83cB
One of the hardest things about not working on a team out of an office is never letting myself sleep in. Coffee, save me.
@Badassperger @Quinnae_Moon i only pvp. :P
It was difficult. I questioned if it was a good idea until someone in the crowd came forward for a hug &amp; started crying. Then I was crying.
@mslatoya_G @mrguestlist I'm not a bully. I just say what most people won't because they are losers
Can't wait to see who finally wins this competition....in 27 months #mkr
@deathofrats01 yup! probably a mix of some sort. he's from the shelter. :)
@KaelaJael http://t.co/BXygHtfPk6
@mykitchenrules such a shame Lyn and Tony had to leave! They didn't deserve it! #MKR
Hate bitches that you gotta ask 200 questions to get to what you looking for √∞¬ü¬ò¬≠
A lot of twitter mentions.
Say, breh√¢¬Ä¬¶ these niggas are horribly corny. I feel like you√¢¬Ä¬ôre insulting my intelligence. These dweebs need help
FreeBSD is in fact a person. Yo, @freebsd, you hear about this? Why are we not besties anymore? http://t.co/ZmofIOEHSQ
@luizpsc no one is perfect. We all make mistakes, and then we have to apologize for them. Celebrities aren't special.
@MarkRubello nope.
Siiiiiiigh http://t.co/6jSQojSuE2
@voiceofrae @TheQuinnspiracy @Spacekatgal AND THIS IS CRAZY
@PeerWorker this is what you just said. you just compared online harassment to mutilated bodies. this is demeaning.
@KemiLiza we need to stop bullying loml @FunmiOgunja loool its not fair!
@caulkthewagon a disaster i didn't know about. ooookay.
@irfan__mumbai @LegalKant @pbhushan1 Mind your language idiot Irfan
@WeTalkDemi what it feels like to be bullied & ridiculed as you were. Demi's become my sole inspiration in life, made me a stronger person.
You can yell about things you don't like without calling out someone directly who you know is trying to do good. End of story.
Don't you fucking DARE!!! #TWDFinale #TheWalkingDead
@jasonbentley not me :) no hat
@Geekboy20X6 i'm headed south and I'm about 40 miles from the border. I'll let you know.
@K4Kendra ...loved Chris till Rihanna got bullied..so Trey is my guy
Another reason McCain needs to GO HOME!!!
Report this sick son of a bitch https://t.co/zwsrguMCdW
@caitbit BLACKMILK IS AMAZING. have you seen them before?
find the problems w/dude's solution, don't publicly call him out, get accused of trying to pick a fight"" when i ask him about it. SHOCKING.",other_cyberbullying,505
44035,"You so black and white trying to live like a nigger... Pahahahaha... Common is dumb as fuck!
it's short for huntsman you dumb ass and he'll ya i am fuck gays and niggers #TrumpTrain#fuckgays
U were the first one to inspire me to dream...dream no matter how foolish those dreams seem to others. Thank u so much for that. Ur work has inspired all of us &amp; will continue to inspire generations to come. RIP Dr. Kalam
I wasn't comparing anything, Saying that a book is being used to opress lgbt people now and black people in the past isn't a comparison It's a statement that they both got oppressed due to the same book , not trying to compare struggles but saying the Bible is the common denom.
@in_JEpan: Fuck @FemaleJawan for almost tripping me in the Hallway, DUMB HO NIGGER BISH. &lt; you sound a little mad. Lmaoooo.
LOL ! this bitch looks dumb as FUCK now that she already agreed to marry this nigger but then find's out he fucked 20 other bitches.
Young black voters aren‚Äôt afraid to call by not on his big the past and current stance against anything that helps communities of color Young Black Voters Don‚Äôt Want Joe Biden! https://youtu.be/N3IUV-4Y8mc
@PacManCannon @MichelleDBeadle pacman shut the fuck up .if she called u a dumb nigger u would be all up in arms.so chill the fuck out
@babyStephiee yes the fuck you did! all them niggers were like stephanie said to jump yo ass!da fuck! you sound dumb as fuck!
RT @Curvables: Ugly niggas be like http://t.co/XcsLPOdqsh
@iNeedSomePercs @RayJones215 STUPID FUCKING NIGGERS. MACLIN LOST THAT GAME. KAFKA WAS 7 OF 8 U DUMB NIGGER: Maaan Fuck Off my TL u Troll!!!!
i hope the world aint judging niggers based on hip hop.. cause we looking dumb as fuck right about now.
‚Äú@_Nekole_ To see a nigga on twitter retweet a white chick saying fuck Obama, dumb ass nigger"" makes me sure ... http://tmi.me/yVkCT",ethnicity,329
1317,"@EurekAlertAAAS: Researchers push to import top anti-bullying program to US schools http://t.co/UPZrMbl
@NomCookiesNom Instead of personal attacks, maybe you can explain why there are more than 100 Islamic terrorist groups.
@_Finessinfool yea imma bring in tomorrow
#mkr I think Colin might not be a fan of the meatballs.
@KatieBatterman yeah, we should talk. I was just about to send an email over to them right before I was told it was retracted.
I'm not a fan of the bears from QLD. üí© #MKR
@eDRoaCH @orvtech this isn't de-anonymizing. the phone # wouldn't necessarily be stored. no names would be required.
@owlcity hey adam :) I've been to 2 of your concerts &amp; haven't been allowed to meet you. when will I be able to?
Me: The boat or the thing that melts Nazi faces?
Watching a video of the snowman play from primary school! Go Tanners Wood haha #oldschool
@eranubuwah @352_7538 Taking tiny villages while loosing major cities like Tikrit.
Sofro Bulling No Chat u_u
@greenlinerzjm The best Muslims are the ones who ignore most of what is in the Quran and Hadiths. ISIS doesn't ignore any of it.
This kid in my science class got the iPod 4th over the 5th.. That's so stupid
@danaleigh92 pretty sure me and mama will know all the words to #NightTrain by the time we get homeüëç‚ò∫ because we can't listen to Luke üíîüëé
@thaumatropia too late, i'm literally blue. no taksies backsies.
.@BenKuchera I CAN PROGRAM IT TO DO MANY THINGS RABDAFGTSERdfwgradggrtybgbawfhghddsfdtgtgbwjdserdfggvssadfrwqVXXSDF https://t.co/fLjADoHL24
@KellyTurner99 @buellerishere ... That's one example of self genocide for the sake of pandering to left wing idiotology.
#10PeopleYouTrulyLove Mom
@MarloThomas: Too many children are dying from #bullying! I hope this new law in New Jersey helps: http://t.co/Rr47y6m""",not_cyberbullying,289
45165,"@hermdiggz: ‚Äú@tayyoung_: FUCK OBAMA, dumb ass nigger‚Äù this bitch &lt;~~This Whore SMH
I don‚Äôt think so either but I don‚Äôt put anything past these niggas when it comes to Black women
Your a dumb motherfucking nigger! You have a kid? And... ‚Äî I mean if you're so fucking bad come the fuck off bei... http://ask.fm/a/64c3k8ag
@GYANTUNPLUGGED what he said was disgusting but black ppl are worshiping sheen and he's made nigger comments in the past...
comment 1 - ‚ÄòIt was one of the most memorable experiences I ever had. worth every penny‚Äô comment 2 - ‚Äòfuck this dumb nigger ape she way too took it &amp; spent it.‚Äô comment - 3 ‚Äòit‚Äôs more wrong to really think the first.‚Äô
Latinx fams better finally agree ACAB after they get offended abt the Walmart incident. Abuse of power frm a cop should be the highlight, but instead their ingrained racism will only pick up on the detail in which a Black woman refuses to help. Divide n conquer tactics at play
u colored n feel unsafe, I got your back 100%, we can curb stomp racism together n hold hands
Place. While ships of Irish turned back out to sea to float until people died cuz they were considered too dirty to be here. Called white chimpanzees &amp; cartoons of them as monkeys alongside black folk. No dogs no negros no paddies. An ugly
HIHIHI OMG UR REALLY NICE AND UR ONE OF MY FIRST TTS MOOTS AND WE SHOULD TALK AGAIN ILY CASS SPIN OFF @DisneyTVA @DisneyAnimation @disneyplus
Dumb Nigger Fuck On Call Of Duty :(
Fuck #CharlieHebdo Translation:French people are as dumb as niggers."" Is this the crakkka every1 is crying over? pic.twitter.com/INmnFeIq1P",ethnicity,283
33724,"... I don't feel guilty for killing him, I just feel guilty because I enjoyed it. He tormented since I was a child, even let the bullies from my school harass me they almost cut my eyes out... I felt enjoyment once I heard the last vines wrap around his frame, while the blood‚îÄ https://twitter.com/iMoonlightDance/status/1288273954902118400
Hell, they were all looking for a fight. They‚Äôre nothing more than a bunch of insecure school yard bullies that need the snot knocked out of them.
becausegoodheroesdeservekidneys: thenihtgenga: gauntletspirit: shortace: eruvadhril: bemusedlybespectacled: So, I had the enormous privilege of actually listening to the private recording of a girl who bullied me in high school, as in a...
I heard this kind of threat so many times in school from bullies. I laughed at them back then and I laugh much hard now because of what they‚Äôve become.
So you kept to sweet old people just trying to get home from going home... man you are a school yard bully or what. Pathetic.
My elementary school bullies:
once this girl at my high school got like cyber bullied for tweeting about how she was sad that her bday was 9-11 cuz no one payed as much attention to her bday since it was overshadowed ... but personally I was on her side like she deserves a day just like everyone else
I was never bullied. In high school I got along with every group. Nerds, goths, punks and the cool kids"". I had friends in every group. The nerdy girls were the hottest. And the nerdy goth chicks... they were the most depraved. :) Ahh, memories. Kelly G where you at?!?!",age,276
10922,"don't make rape jokes!!! don't make gay jokes!!! oh but fat jokes are okay they don't cause depression and possible suicide or anything
@RepTedYoho Did you call female member of government, AOC, ‚Äúfucking bitch‚Äù? @HouseAgGOP @HouseForeignGOP @HouseAdmnGOP @HouseForeign @HouseGOP @SpeakerPelosi @AOC
@YourAnonCentral Why is rape always the example used ? Why not say lynching jokes, or drag a gay man behind a truck joke ? Think a little.
Who is worse for FL? @marcorubio who can‚Äôt tell the difference between 2 black leaders, @RepTedYoho who calls a female a fucking bitch for no reason, or @GovRonDeSantis for letting Floridians suffer and die because he is too incompetent to lead?
The Miseducation of the American Boy: Why boys crack up at rape jokes, think having a girlfriend is ‚Äúgay,‚Äù and still can‚Äôt cry‚Äîand why we need to give them new and better models of masculinity https://bit.ly/2RhOXD7 via @TheAtlantic @peggyorenstein #boyhoodstudies
I pull gay niccas, straight females and mommas , a bitch who call me ugly a hatin A$$HOE !
@pewdiepie you got kicked out of the partnership? We all tried to tell you nobody likes rape or gay jokes. #Swerve
RT @AxAs23: @BBCSport Not sexist but even women prefer to watch Men's sports over women playing because it's played at a higher level.
And we should be able to tell others not to rape or be sexist without that feeling that you're being judged for being a feminist/gay""",gender,237
15621,"@ufcpride40: : Terry Bean, prominent gay activist and MAJOR Obama and Dem donor indicted for child rape. Surprised? POTUS? What a Joke.
#TWEET !!! RT @Mastos_TM: Same way you don't find the death jokes funny, some people didn't find your Rape, Aids, Gay etc. jokes funny..
if you call women ‚Äúbitches‚Äù or ‚Äúfemales‚Äù, i‚Äôm automatically gonna assume you‚Äôre a misogynist idc if you‚Äôre a woman either, we don‚Äôt do that here.
tea but all I‚Äôm sayin is gay jokes or rape jokes (etc) aren‚Äôt jokes .........
Okay but these are the exact people who got Vic fired for the exact same thing they‚Äôre doing. He made a harmless jellybean joke and got fired because it wasn't acceptable. These people are making rape, incest, and gay jokes, yet it's acceptable? Take a seat, young Skywalker. https://twitter.com/DragonBallBLK/status/1167515746676760579
@Mr_Fanta_Pants: How long until Kat heats up her crack pipe over the BBQ? #MKR think she already has, crazy bitch
I think I would have just liked the OJ stories. All the rape joke/gay superhero shit made me switch the fuck off.
@LeoKikiLady89 I respect your use of Sprinkles Are For Winners.
I just don't understand why being depressed/suicidal is glorified, gay is used as an insult, and rape"" is either a fabrication or a joke",gender,211
29818,"@Crhedrys: Pussy licking pussy.... meow meow #StopWhitePeople2014 &#128049; https://t.co/KeegDCjS5K&#8221;""""
@eDRoaCH @twitter think about how passwords work. are they stored in plaintext? can the provider easily decrypt them? nope.
I'm living proof that fat people can glam fashion it up. Despite most of those plus size sites having the UGLIEST clothes.
WHAT?! I am a lesbian. It is my JOB to hate (cishet) men. I signed a damn CONTRACT.
@kimskitchensink the place next to little Caesars on San Pablo in emeryville.
i played the video for him and he stopped.
@BasicMountain i have some pretty fantastic wonderwoman stuff. but i prefer marvel, hands down. DC chars seem to emo.
It is great to hear that there's more women getting involved with #FreeBSD. :) The community is fantastic and has always been supportive.
While you can hire a lawyer to help you speak to the police, that's kind of where their - and YOUR - involvement ends. @PendragonTarot
My 13 yr old cousins FB status were depressing. Iasked if she was ok.then if she was being bullied. she wrote back ONLY BY YOU AT THE MOMENT
@RealityForger just change your profile pic/name to a woman, pref w/brightly colored hair. Tweet out gamers are dead"" or ""games are sexist""",other_cyberbullying,206
47037,"@Purely_Ambition: Sooo mad. RT @TracePeterson Fuck Obama that dumb nigger I'm going to Switzerlan yooomaddddddd lmfaoo
Shut the fuck up you dumb nigger. Your in South Milwaukee.
@SmokieeLODNS Yeah! You just a NIGGER. Ignorant! You dumb as fuck as if beating my ass change anything! Like you (cont) http://tl.gd/a72hif
I love everyone who screams about reverse racism. Like I‚Äôm not all up for shaming white folk either but y‚Äôall ultimately spoon fed bc u white from the jump. U don‚Äôt know half the shit colored folks deal with. Pls do not fuckin speak for us minorities
Fuck red &amp; white dumb ugly nigger name Wayne Positive trash soft ass nigga pic.twitter.com/zOY5LMYFjj
Bitch u mad........ I see!!!! RT @tayyoung_: FUCK OBAMA, dumb ass nigger
8.5/10 first of all, i love your profile picture because the sanders side fandom is super cool and all of you are such creative individuals. ur header is glorious, as it is one of my all time fav dan moments. and nice @, i relate
@Dustin___Lee when you find him let me know so I can hunt him #coon
DISGUSTING QUOTE from black racist Prof Henry Gates: We are trying to end what we call the 'one nigger' syndrome."" http://is.gd/1P6hI #TCOT",ethnicity,204
14168,"IT CALLS THE FUNCTION TO THE PROCESS OR IT GE‚Ä¶
Only punk ass low self esteem punks call strong knowledgeable females bitches. As long as she is a good one you wuss that is all that matters.
@LourenzoJeanbs @britneyspears @jamielynnspears This kid bashes gays and jokes about rape. Is this the kind of fan that makes you proud?
RT @JamesAltoft I'm not sexist, but any other driver would just drive not stop every 2 seconds when an open lane is to your left!
Racist jokes rape jokes gay jokes are all PUNCHING DOWN bcuz all r at the expense of the groups with less power
*insert racist joke* Nigga niggas: hahaha it's funny bc it's ironic. *insert joke about homosexuals* gay niggas: oh golly that's a hoot. *insert incest joke* many niggas: what classic jest *insert rape jok- sensitive niggas: :/ shut the fuck up you sicko.
@chsfword Name 3 prominent feminists, please.  No Google.
Annie, the reason why Lloyd hasn't proposed yet is because he is gay. Really gay. #mkr
The weird like the only jokes hes made in the 8 made have all revolved around using the words 'gay' 'rape' 'faggot' and other explatives.""",gender,196
3030,"He embellished the afternoon with moustachioed feints &amp; flicks. By throwing him an England shirt Mercer made a statement about the game
Zoe is rocking the stage. http://t.co/mpXlDSBPBh
ANOTHER home visits round?! i'm literally fucking done #MKR
Today has finally arrived #GKMC
IM FUCKING GOING TO SAN FRANCISCO ON TUESDAY!!!!!!!!!!!!
IM ON THE EDGE... OF GLORY
@nizarnayouf There were no US commandos.
I hate these girls, far out. #mkr
RT @Oh_tobs: Bless I totally forgot about the party favourite Shaz... #MKR
I went old school and changed my other account's name back to @StaceGots which was my original Twitter name back in 08/09.
@GladysMcGee18 +FACE THE DREGS OF HUMANITY, SEE HOW TRULY FOUL THEY ARE AND FIGHT BACK
So FUCK ROBERT A DOUGLASS
Bully beatdown got a girl bully this time.
@UKBrawlers i can't
Feeling so sorry for the girls, they should be safe and Kat and Andre should be going home #MKR
My Patreon is acting weird. Just got a monthly payment (yay!) but when I go to how I get paid"", it says I need to become a creator.",not_cyberbullying,181
25411,"@Sweetie_Niesha: So Im getting bullied via twitter by @TheVicSmith
@hridaybala I don't read breitbart ;)
RT @Spacekatgal: I &lt;3 both of you. The scene in Captain America with the grenade? I'd do that for both of you. &lt;3 @freebsdgirl @thequinnspi‚Ä¶
Grey lion. #norman #mainecoon #maine #coon #kat #cat #pet #grey #lion #lay #window #look #eyes #paw‚Ä¶ https://t.co/YgWFyCndDb
@brennalevitin still working on getting my language right. i make mistakes sometimes. &gt;.&gt;
He is not all there. And I guess he keeps forgetting that the dog just went outside and ughhhh I want to sleep.
I'm talking about people that take an active stand to say they want to create solutions for harassment, but do nothing beyond get RTed.
@ItsSeanMcclam lol.. you bully :(
@KellsKells_ I never bully you :) the hated words going about.. X
@Asperger_Mom The one that Zoey is claiming that I am bullying"" her .. where she defames and libels me ... Lisa Jo Rudy's blog yesterday.",other_cyberbullying,159
25939,"If cats looked like frogs we'd realize what nasty, cruel little
http://t.co/ZxbZV39jru: Cat Attacks Pork Rib http://t.co/T6GF93F2sp #attacks #coon #maine #pork
@Brysynner I wrote a tool so people wouldn't have to listen to their hate filled rants.
@almafeta I think women in general have issues talking about money for activism. Lots of articles on this.
http://t.co/ZxbZV39jru: Maine Coon Babys www.#of-loveliness.de http://t.co/hnuMt7cCMK #babys #coon #maine
@alexlifschitz @pravyy_ wow. this is great.
Not looking for FTE outside of my anti-harassment org ;) @sebkha
@zeynep @twitter @delbius omg, is that what happened? i keep hitting the wrong button.
@dreamachineries yup. my other dog's name is leo. :)
@knouase Oh you could be right plus didn't Shelly try to bully her.
""Feminazi is a real timesaver, because someone saying that just freed you from listening to them ever..."" http://t.co/xAxGqLzYNk",other_cyberbullying,135
4846,"@andrea_gcav: @viviaanajim recuerdas como nosotras tambi√©n eramos victimas del bullying/ jajaja callate marce! Cuando? Nosotras bulleabamos
@SadSuspenders I'm a shark. But you're super cute too!
Sick of the word Sassy!! #mkr
Nap time until lunchtime
RT @infamousKlaus: #Shingal :#HPG/#YBS: .... bomb laden vehicle destroyed today morning / at least 8 #ISIS terrorists killed today  #sinja‚Ä¶
I'm so sick of #MKR and the ridiculous scoring methods. I don't buy it. #MKR
RT @Msloulou77: We have hope but no cooking ability. Well, that's a winning combo. #MKR
If you don't like doing nice things for your female significant other and find it a chore to do once a year, you probably don't love them.
RT @simonefiasco: I'm being attacked by black feminist twitter"" loosely translates to ""I said something terrible &amp; women are explaining wh‚Ä¶",not_cyberbullying,133
44294,"@JasmineLovvee If He Dont Want You Well Fuck Him , He Aint Worth Your Tears , Never Sweat A Dumb Nigger .
@kalee_FromTheL how do you sound I'm like 85 you mad dumb go fuck with a Black nigger broke ass
@BahkariBoy @Tjsotomayor He does care about black people. He just don't give a damn about dumb niggers that will never learn. Fuck em.
How you gonna preach about not twitting for attention when all you tweet about is snow bunnys who gives a fuck you dumb nigger
Company profile NKC COON HUNTING, INCORPORATED - http://t.co/YK1TMdLgTj  #NKC #COON #HUNTING, #INCORPORATED
they‚Äôre disgusting, anti black, anti women, anti nigger people
@DeJuan45: ‚Äú@iBrettAdkins: @DeJuan45 fuck you! JUSTICE FOR GEORGE YOU DUMB NIGGER!‚Äù Wow smh!!! So lucky!!!!""ignorant MF!!!!!!!",ethnicity,125
21241,"And yet God was able to meet their needs using radical, everyday generosity.‚Äù You may be familiar with the call, but each story is very different. This week we are sharing stories from of some of the full-time Christian Workers we support.
i have and i chose whats best for me but saying all else are idiots is wrong neither did i say about your religion you cant say the same about mine
RT @riwired: And every Muslim is a slave of Allah"" the more religious or ""Islamic"" the more damage and danger there is.@VileIslam  @ORehaf‚Ä¶",religion,96
42078,"FUCK TRAYVON and FUCK YOU! The lil thug nigger acted a fool and got his dumb... dope smoking ass shot up!... http://fb.me/2s0Afuxk1
Some niggers are dumb as fuck in UJ. They go ask a gal for a R2 than they happy. No numbers and they say they have macked. Mxm!
RT @RyanHarris24: If you still call black people niggers or coons, you need to grow the fuck up. You just make yourself look dumb as hell.""",ethnicity,76
42651,"Ayy Marco my dude I remember one of our first interactions it was that video of the anime girl in a store I knew u were gonna be a great fren super funny and shit, I was right. Ur one of my fav people in this shitty app and I wish I weren't a shy mf so I could vc w u all the time",ethnicity,65
11082,still a female unless u a male so if u a male then wat up bruh bt if u not then guess what you a female. Y‚Äôall trying to argue at something that y‚Äôall are. I‚Äôm pretty sure you not a bitch bt I‚Äôm just you call yoself a real bitch right or wrong. So u a female even if u think u not,gender,64
34482,"a lot of girls message me &amp; ask me what i do to get my waist so small, so i thought i‚Äôd just post it on here for everyone! i actually drink Fit Tea &amp; use It Works every day. No! i‚Äôm NOT lying to you bc you bullied &amp; slut shamed me in high school, this is how i do it! i swear!",age,64
34891,And my brother is soper luky to have me bcos he gets bullied at school and my brother age is 15 btw and I'm 11 and i dont get bullied but i rip the bullies guts i took care of them no on mess weth me or my big brother but i qant yo know way am i stronger the my big bro ???,age,64
37624,"when ur friend makes a group chat for a game where u have to team up with people from ur high school bc he wants to Have Fun in Quarantine and u dont want to be an asshole &amp; say No, and the girl that Bullied You but u Also Had a Crush On is DMing you bc u have to Team Up Together",age,64
8474,So I know. That CWs are a fucking joke now but some things should still fucking have them just my take just my onion but I rly wish there was like. At LEAST a csa warning on / / / / / / / / / / / / ‚Äúdad had girlfriend rape son with autism because he thought boy was gay‚Äù article,gender,63
36235,tagged by older friend I bully 5 facts about me 1. I liked a grade school friend so much I started to write my 2's and y's like her. still do 2. I had a pet tarantula when I was bapey 3. hips are my fav body part 4. my first drawing was about a spider 5. legal luke is my #1 waifu,age,63
38461,Then after I recovered I went to this school and it was alright so I made a new friend her name was hayley spelled the same way me and her were in band and pe she was so nice then one day I seen the my bully when to the same school as me her mom pulled me aside and said you bitch,age,63
40223,bruh stolen asf drop a dot n i‚Äôll give u an emoji = luv ur pinned = i love seeing u on the tl = ILYSM = want to be friends with u = i stalked ur acc = i consider u as one of my fave moots = you‚Äôre sweet = would do anything for u = first time i see you,ethnicity,63
40884,I agree with u . . i hate it any kind of racism from race to being gay i have a wonderful lady and i hear it from every one and if i hear ppl being racist to colored ppl i back them up cause noone should b like that we should love all ppl no matter the color or gender or anything,ethnicity,63
43979,Happy Birthday to My Fav Greek im So happy i Met u cuz of the First ss Ur one of the Dumbest Ppl ive ever Met but it Makes me Pee my pants . Ur one of the most Genuine and sweet ppl and tbh The world needs more ppl Like u. i Luv u Ex Wife i Miss ur Sock Pics @stargazecayIen,ethnicity,63
45558,stolen from ava drop a dot n i‚Äôll give u an emoji = luv ur pinned = i love seeing u on the tl = ILYSM = want to be friends with u = i stalked ur acc = i consider u as one of my fave moots = you‚Äôre sweet = would do anything for u = first time i see you,ethnicity,63
11529,Dumb T- fine We gon call ha ugly so he put his head up nd like 10 mins later dis bitch sees him U- omg tt us that youu Nd I turned nd I didn't know what his ex looked like nd ion care if he has female friends T- hi Casey M- whose this babes U- Casey his ex M- hi.,gender,62
32735,Woke up with a heavy heart yaz I'm thinking about how I got bullied in high school for dating a dark skinned girl they called her all sorts of name people were evil back then I wish I could show you her pic what a beautiful woman but I need her to give me the go ahead to upload ‚Äì at Bloubergstrand,age,62
34967,So true I used to never have girl friends until now as a mom because girls were so cruel to me in high school I had a few here &amp; there &amp; still speak to a few but I was bullied by those girls so I hung out with guys which only made them more mean so then I stopped giving a,age,62
38424,I can relate to this girl to an extent I was put on probation for telling two white girls at my first high school that I would fuck em up and ofc bc they were white and I wasn‚Äôt I had to deal with the police I had evidence of being bullied yet I was the one who got the bullet smh,age,62
38909,"I was bullied badly in high school about a guy I was dating. He was new in town and chose me, the quiet band geek. One girl even teamed up with his ex to stalk me and took pics of us at dances. When we broke up it was even worse. He dumped me for that ex &amp; they gave me hell.",age,62
39407,"I was short and heavier and wore glasses, so I had my fair share of bullies. Most of the time I told them to f off. I talked to pretty much everyone and I parties quite a bit. School was fun for me but I chose to ignore a lot of things and people so I don't know if I was popular.",age,62
39546,"Yes ( Put Down ) during high school I ask a girl out and would say ""NO"" right away Because From 1st - Jr. year of High School I was Bullied and if a girl had a Crush on me They would be Bullied Too . So now I'm just afraid of being said "" No"" when I ask out a girl",age,62
40708,"You is my mf black queen, my mami, my wifey, my baby, my princess. I love you with all my heart and will do anything for you. I will get whoever hurt u in the past bc u deserve the whole world and much more we forever and I just wanna make and keep u happy. I love you so much ma",ethnicity,62
13501,"My girl call me her nigga , I call her my bitch .. I guess it‚Äôs where u from &amp; how you come up but if I call a female my bitch some people would assume I‚Äôm disrespecting her but in my eyes if I say it I love her genuinely &amp; if she lets me she obviously understands that .",gender,61
33426,If I showed my legs my mom would literally say how big they are and ask why they were so swollen. It got to the point I LIKED being at school bc the bullies at school bullied me less than my parents. My dad once tried to BRIBE me to lose weight. I was 13. I had no idea how to.,age,61
34438,it got so bad to the point that i wouldn‚Äôt even go to regular high school and i ended up going to school at moa and i hated it and i tried to kms bc no matter what i did i was still being bullied still trying to make amends w the girls who were bullying me bc i was desperate,age,61
34662,Hey twitter armys whoever is good at hacking can you do it for me so I have this girl in my class who is an army too but she bullies me for liking bts and she stole my first ever group friend and now I am all alone but this was in a new school my old school I had friends,age,61
34704,"Just ran into this girl that was with me in high school and I asked her why she bullied me back then and she said ""I had a crush on you but I didn't know how to express myself"" lol bruh I looked like a nerd in high school, why would anyone have a crush on a ugly ass nerd .",age,61
34844,"The same person who sexually assaulted me in high school is one of my bosses. We got into an argument and he told a higher up. I told the head boss that this person used to bully me and I was told that he is still my boss, that I need to respect him, and that it was 20 yrs ago.",age,61
35024,"A lot of you guys were bullies in high school but don‚Äôt want to admit it. Yea you can be nice to a lot of people but if you ever joined in with your friends to make fun of the one kid who was a little different, that‚Äôs just rude. Or if you talked to them as if they not competent.",age,61
35028,My best friend in 5th grd was mix. Then we got to Jr high and a large group of black girls bullied her to stop talking to me. It hurt my feeling so bad. She would look down if I spoke to her and they would treat her awful. So I just stopped bc I couldn't stand to see it. Sad.,age,61
35121,"It happened to me in high school I was friends with a girl I liked but I was not ready for what she wanted, she force her self into me I push back and told her I wasn't ready next day in school she told everyone, I was bullied and people thought I was gay this was in the late 90s",age,61
35408,i got a girl pregnant in high school so i told my parents i was getting bullied &amp; we movedi got a girl pregnant in high school so i told my parents i was getting bullied &amp; we movedi got a girl pregnant in high school so i told my parents i was getting bullied &amp; we movedi got a g,age,61
36845,"I did talk to this one kid on the way home sometimes but when I was at that school I can't remember talking at all I was very shy and passive let people talk down to me and be mean to me, that's why I cried so hard in the bathroom and let the girls bully me and make me lose",age,61
37742,"My Lad was bullied at school by a Bully who was a Girl, I told the teachers and her parents that if she did it again, he had my full support if he choose to hit back. I said to him if she hits you, let her it once, then Slap her, walk away. You have to stand up to Bullies.",age,61
38057,"I know if the people I went to high school with found out I‚Äòm bi the dumb ass girls that bullied people I knew and me, would DEFS be like ‚Äòwow did u ever have a crush on me‚Äô no bitch I did the fuck NOT. You were ugly then and you‚Äôre ugly now cause mean doesn‚Äôt have a glow up.",age,61
38220,Oh yeah I agree I bullied myself for about 20 years before I got out of it because of how much I was bullied in school it took me a long time to find the truth about who I was and to see that I was okay after all. I wasn't the problem it was the bullies who were the problem,age,61
38456,i also got bullied when I was 4-6 but that was jst because i was a tomboy and five yr old girls are mean. i got a rock thrown at me and at my house several times (once got hit directly in the eye) and was made to eat dirt another time lmao. jokes on them they peaked in high skl,age,61
38979,"There was one guy in high school who bullied me and told me if his kids were gay he'd throw them over a bridge and now he's dating a girl that I used to be really cool with n I wanna ask her if they had a gay kid if he would still kill it, like asking the real REAL questions",age,61
40946,"SWEAR ur icon gives an impact to ur tweets, when i was first on anitwit my HQ tweets were banger bc i had sakusa icon, switched it to kaidou the saiki k ppl were liking n rt my shit like now w yuji,the jjk ppl eating up my shit BUT if i tweet abt saiki now no one notices me :/",ethnicity,61
41604,just heard a white girl say nigger then say ‚Äúi hate that word and i dont like to say. in hs i would tell the black kids to stop bc i made me uncomfortable‚Äù and her friend was like ‚Äúi dont think YOU can say it anyway‚Äù and im here like BITCH IF YOU DUMB FUCKS DONT SHIT THE HELL UP,ethnicity,61
41846,@vvllnll EMS !!u were one of the first added to the list of ems i love on this stupid fucking app and ur so sweet and the gc on which we met is superior ur lovely babe and i love talking to u on the gc if u evr wanna dm feel free babe i wanna get to kno u more,ethnicity,61
42282,"jo i feel like u were one of my first moots?? remember seeing u in the we must be proud zine and feelign so proud like omg,,thats my moot !!! i Love seeing u pop up in my notifs or on the tl !! ur one of those Familiar faces that makes my heart rly warm !! absolutely adore u !!",ethnicity,61
42766,"Is like the calendar they're using in America is different from the one we're using in Nigeria here, cuz i no know why Davido dey do us like this ooo at least drop fem or call me mk we dey vibe dah one first or nah till we come sit down for ur hus in 9ja until u come back abi",ethnicity,61
44394,One more thing OK sit down close ur mouth n listen to me people all this b l matters is BS first of all ur not the only people in this world OK n ur not the only color no matter what ur polticial thing is ur not the ultimate Jesus n God u can't tell me ur over anyone else,ethnicity,61
46409,"So mandem walk up on him like ""wah? who saying nigger to who called u a Nigger? you fucking dumb i will fuck u up in this bitch"" *coughs up flem Some random lady starts to hold me.. the fear of God I seen in his eyes when i started to wild out Her: See what u done U racist bih",ethnicity,61
46764,"hi queen! first of all im rlly happy to be moots w u! seeing ur posts on my tl, esp the aesthetic themed threads, is one of my source of life ajjsgdhs. i hope we could interact more! anddd tbh i see u as a big sister here on twt . also, gl on ur exams! i‚Äôll be praying for ya",ethnicity,61
14238,A lot of the same people who act so angry at THAT tiktok trend are the one's who're so quick to pass a link or ask for one of a scandal or laugh at rape jokes or use gay as an insult Pa as if kay nga ni care kunuhay nya to obvious diay kayung kailangan e check ilang morals,gender,60
17576,Last time i spoke to that IDIOT SHEM BOOTH SPAIN he kept askin me if I was a muslim. Nobody has every done that before. I was eating a bacon snadwich at the time. I wish I was in the same room as him when he kept askin me.... ill catch up with him dont you worry. &amp; you bitchess.,religion,60
23551,"If you Go against tsmy . Whats wrong with his decision to join UMNO , PH will not win next PRU , why? Because of ramasamy , kullasegaran and santiago . So what u did as A PM. At the time this idiot were talking about Muslims ? U were silent, u dont have the power that u had ....",religion,60
32771,"I had a bully in elementary school I remember he was a lot bigger and pushed me in the sand a few times. So i said fck it and just threw sand in his eyes, he cried. It might have been cheap, but it got the job done. He didn‚Äôt bully me again. Lmao idk why I brought this up",age,60
32845,So in high school I got bullied a lot by this one girl who always tried to say that I was easy and a whore (even tho i hadn‚Äôt even had sex yet but besides the point) anyways I always remember this one time she tried to be funny by asking me why I was standing a certain way and,age,60
32934,Ok so I‚Äôm the 2nd grade I went to a very diverse school so the was a girl and I use to bully her to the point where she didn‚Äôt want to go to school no more my dad beat me so bad with a stick and recently I seen her and I felt so bad for doing that .,age,60
33477,my best mate said to me once that I look & sound like the girls who bullied her in high school &amp; whilst it was a flippant comment that kind of stuck with me so I'm semi aware of it when I speak to some women esp ones who don't know me; there's times a stranger can't 'read' you &amp;-,age,60
34179,"when girls from high school still think I am phased by them yeah, u bullied me for years, but I can assure u, u don‚Äôt cross my mind bc I fought hard as hell to make sure I ain‚Äôt got that kinda toxicity in my life. I have the best friends &amp; family, no room for u in my thoughts.",age,60
34268,I lost my front teeth when I was around 6 ke bala 2 this girl would put her finger in my mouth and say ke mo lome ka lisene bc it tickles her if I didn't she'd beat me. We went to the same high school and I bullied her for 5 years straight because of that. Not proud tho,age,60
34389,Cute how one of my foster families gave me shit when I came out in high school and bullied me for falling in love with a girl to then force us to break up when sending me away without allowing me to say goodbye to her. Even to this day I still think about it and get even more mad,age,60
36066,"Jade is one that sticks out to me A LOT. I had this girl in high school who bullied me relentlessly every single day for 5 years .. swear down, no joke. I have never met a redeemable ‚Äújade‚Äù yet, every one I‚Äôve met has been a bit of a b*tch so I think it just comes with the name",age,60
36795,I was a dumb kid in middle school. I let the bullies pick on me. I had made 3 friends. 2 pretty rich and 1 dirt poor like me. We were a brand of brothers. They protected me. The 2 rich ones are still my friend. The poor one. I visited him today where he sleeps. Miss you my friend,age,60
37827,"Hey Luca, it doesnt seem like it now but in years to come you will look back and see how insecure bullies actually are. I was bullied after my dad died when I was 12 and it made me very unhappy. I hope you can find a school/ class with a nicer set of kids. Dallas sends a hug xx",age,60
38765,Man spank your kids... please teach them a lesson early cause if your kid come out bad and try to bully mine he‚Äôs gonna sleep that boy and I don‚Äôt want to have to come to school and take time out of my day because my kid had to teach your kid a lesson that you failed to teach him,age,60
39693,"I Luca I know how you feel. At my last school sports age 15, I was told I would be beaten up if I didnt let the bullies, beat me in 400m final. I ran the race of my life, ran them into the ground. I broke the school record and mine stood for 23 years. Be strong and win.",age,60
40528,Story time @starry_jjk1 : send me a voice note I wanna hear Ur voice Me: ok Her: i'll send one in return Me: ok *I sent one* Her: WAIT BITCH LEMME HEAR me: ok? Her: sending me a voice note and the first time I hear her voice this is what she said BITCH YOUR VOICE IS SO DEEP WTF,ethnicity,60
40743,OK ILL TRY MY BEST SBSN well since i said i can do the butterfly stroke its one wjere its rlly hard at first basically its like 3/4 things all at once when u start u do the first move n its like u pounce like a tiger put ur arms at ur sides and then do a couple of(1/?),ethnicity,60
41035,When come to your stream and call you a nigger and then say jk nah bro you weren't joking you took the time out of your day to come in my chat and type it so don't say jk y'all dumb as fuck it don't hurt me bro it aint the first time and it wont be the last #message,ethnicity,60
42294,@CADENYX ‚Äî first impression: u seem nice ‚Äî a nickname I'd give you: idk ‚Äî emoji that fits you: im sorry i cant think of one ‚Äî do I like you: yeah ‚Äî you‚Äôre my: mutual ‚Äî to be honest: we‚Äôve never interacted before but i‚Äôve seen u on my tl ur cool ‚Äî have I ever disliked you: nope,ethnicity,60
43878,"Ha ha ha ha ha ha ha ha ha ha ha ha ha ha ha ha ha ha You spend almost all of your time watching TV, rage tweeting and golfing (over one entire year of golf so far in first and only term) that you have plenty of time. Ur just scared of looking like the idiot you are",ethnicity,60
46391,"It‚Äôs crazy when uu stop doing ur shii for one only person . But they person never take you serious! It‚Äôs like if I don‚Äôt text first , they won‚Äôt text me .. If u sad they jus will say what‚Äôs wrong :( but i know when people care or no . onmm but dis typee hurt so much !",ethnicity,60
46500,Mys first month of life i got to the point where i was so scared to fall asleep like SCARED. One night i cried so hard bc i honestly did not think i would make it another night. Omg what a TIME. So yeah don‚Äôt let anybody tell u to not let ur baby sleep in the bed w you,ethnicity,60
47241,These dumb ass niggers get on molly and think they MICHAEL JACKSON BAD NIGGA HIT ME IF YOU BAD MY NIGGA WALTER TOLD ME THAT ONE NIGHT ON THE BLOCK AND U STOLE ON THAT NIGGA CAUSE I WAS BAD AF BEHIND MY SHIT SO IF LIL D WAS TRAPPING LIKE THAT I KNOW I GOTTA TRAP HARDER FUCK FEDS,ethnicity,60
47573,I know this white Latina that found out her grandpa was listed as negro in a PR census (which doesn‚Äôt matter cuz lots of times it was used as ‚Äúother‚Äù) &amp; the 1st thing she asks me is if she can use the n word. Im like y if ur never called that? &amp; yes she proceeded to use it.,ethnicity,60
8334,Do you the definition of a woman. It means an a adult woman. So you calling a 15 year old little girl is beyond me and I‚Äôm talking about the dude as well how are u gonna put words into this man mouth and tell him what‚Äôs he meant to call y‚Äôall was a bitch bc he used female...,gender,59
9452,"and just like black people are allowed to say the n word , and how gays are allowed to decide if the f word if offensive to them , rape survivors are allowed to decide if the jokes are funny are not and it‚Äôs not a one size fits all category , just because one person says it‚Äôs ok",gender,59
9576,"cw // racism, rape, homophobia . . . . . . . . i looked up stuff to prove that magical girl site is sexist if anyone tried to argue with me right NOT ONLY IS IT SEXIST, but it uses racist caricatures and homophobic stereotypes in it by making the only black char gay and a rapist. pic.twitter.com/W0lZe8bcyX",gender,59
14273,"Not even- flip it. I got on an elevator with a gay man, thought he was going to try to rape me when he asked what floor I wanted. Does this make me a homophobe? Got on an elevator with a black person - thought he would beat me up- now I‚Äôm a racist? What shes saying is sexist",gender,59
14928,"I don't remember any rape jokes from when I was a boy, mostly we just told a lot of fart jokes. And boys only think having a girlfriend is gay until they reach puberty &amp; find they like girls &amp; sex. And boys who cry are called sissy by both boys &amp; girls, so they learn not to cry.",gender,59
16127,Thanks you so much to make me idiot why because of I am Muslim and I was surely known that you will ask for this thank you so much for giving me chance to explain you I have lost of proof but one of the most important proof sharing you you I hope you will get proper details and..,religion,59
16176,"You mean they can go to a country + get free money for life, council house, NHS etc. U r the wa**er. Fit u better to have sympathy for victims in UK of Islamic terrorism, mass rapes etc. If ur family was hacked with a machete Lefty, u wouldnt b as soft as shite + thick as u r!",religion,59
17390,"Muslims only kneel to one person &amp; I admire them for doing so ,they laugh at the idiots that kneel , my passenger a Muslim tells me the (in his words ) the blacks are not Gods even if you whites think that way as a Muslim I kneel only to Mohammed ( I‚Äôm going to be a Muslim)",religion,59
21262,"You have idiots over there in the UK as well I see. I hope they use the brains Allah has blessed them with and stay at home! It won't have the same feeling, I know, but we can still pray at home. It is our duty as Muslims to look out for the well being of others as well.",religion,59
22935,I am At 4 right now. I have a hard time holding my tongue and as a Christian woman I need to pray more. I've had Times when I get very angry Because I sit here in my home and can't really do much. My family thinks I'm losing my mind And I find myself not saying anything anymore.,religion,59
23314,"I want to put Grasta on the table for a moon! It means grace in Gaelic. I am an Irish American Christian woman. I have the word tattooed on my right foot. I was a ballerina and my left is injured so my right is all the grace left. I also named my dog, who passed last year, Gracie",religion,59
32003,"My hair, that i was ‚Äústuck up‚Äù because I was insecure and shy and quiet so it came across I guess that I was a bitch. I was bullied by a few different girls throughout middle school &amp; high school &amp; was told to just go in the bathroom &amp; cut deeper next time &amp; no one liked me.",age,59
32434,My dream is for one of the girls who bullied me in jr high to follow me because they don‚Äôt know it‚Äôs me and then I‚Äôll tweet ‚Äúone of you is a girl who bullied me in jr high and don‚Äôt know it‚Äôs me. I‚Äôm funny now huh?‚Äù And then all the mean girls will sweat thinking it‚Äôs them.,age,59
